Entidad;Objeto;FNA;GNA;NAM;SAG;LIMa_100k_;FDC;Escala;created_us;created_da;last_edite;last_edi_1;Pais_100KR;SHAPE_STAr;SHAPE_STLe
0;País;Estado Plurinacional de Bolivia;-2;Bolivia;;4;;0;JGONZALEZ@;22/03/2019;GEODBA;21/07/2019;1;91,9702412;62,22942958
0;País;Anguila (GBR);;Anguila (GBR);IGN;4;UN-GGIM/IGN;0;JGONZALEZ@;22/03/2019;GEODBA;21/07/2019;1;0,016794674;1,12676895
0;País;Antigua y Barbuda;;Antigua y Barbuda;IGN;4;UN-GGIM/IGN;0;JGONZALEZ@;22/03/2019;GEODBA;21/07/2019;1;0,038368395;1,639974614
0;País;Commonwealth de las Bahamas;;Bahamas;IGN;4;UN-GGIM/IGN;0;JGONZALEZ@;22/03/2019;GEODBA;21/07/2019;1;1,119749567;35,73681942
0;País;;;;IGN;4;UN-GGIM/IGN;0;JGONZALEZ@;22/03/2019;GEODBA;21/07/2019;1;3,02494E-06;0,007364303
0;País;Belice;;Belice;IGN;4;UN-GGIM/IGN;0;JGONZALEZ@;22/03/2019;GEODBA;21/07/2019;1;1,894414248;10,8562885
0;País;Bermudas (GBR);;Bermudas (GBR);IGN;4;UN-GGIM/IGN;0;JGONZALEZ@;22/03/2019;GEODBA;21/07/2019;1;0,003106558;0,492905082
0;País;Barbados;;Barbados;IGN;4;UN-GGIM/IGN;0;JGONZALEZ@;22/03/2019;GEODBA;21/07/2019;1;0,037039776;0,817650674
0;País;Canadá;;Canadá;IGN;4;UN-GGIM/IGN;0;JGONZALEZ@;22/03/2019;GEODBA;21/07/2019;1;1691,869097;2573,712442
0;País;;;;IGN;4;UN-GGIM/IGN;0;JGONZALEZ@;22/03/2019;GEODBA;21/07/2019;1;0,000412839;0,081190068
0;País;Commonwealth de Dominica;;Dominica;IGN;4;UN-GGIM/IGN;0;JGONZALEZ@;22/03/2019;GEODBA;21/07/2019;1;0,061493319;1,165521737
0;País;Granada;;Granada;IGN;4;UN-GGIM/IGN;0;JGONZALEZ@;22/03/2019;GEODBA;21/07/2019;1;0,02884146;1,037692391
0;País;Jamaica;;Jamaica;IGN;4;UN-GGIM/IGN;0;JGONZALEZ@;22/03/2019;GEODBA;21/07/2019;1;0,942061829;5,977438034
0;País;Saint Kitts y Nevis;;San Cristóbal y Nieves;IGN;4;UN-GGIM/IGN;0;JGONZALEZ@;22/03/2019;GEODBA;21/07/2019;1;0,024665192;1,250487443
0;País;Santa Lucía;;Santa Lucía;IGN;4;UN-GGIM/IGN;0;JGONZALEZ@;22/03/2019;GEODBA;21/07/2019;1;0,050606093;0,969618606
0;País;Estados Unidos Mexicanos;;México;IGN;4;UN-GGIM/IGN;0;JGONZALEZ@;22/03/2019;GEODBA;21/07/2019;1;174,2020235;182,0662391
0;País;Montserrat (GBR);;Montserrat (GBR);IGN;4;UN-GGIM/IGN;0;JGONZALEZ@;22/03/2019;GEODBA;21/07/2019;1;0,008439961;0,384947124
0;País;Puerto Rico (USA);;Puerto Rico (USA);IGN;4;UN-GGIM/IGN;0;JGONZALEZ@;22/03/2019;GEODBA;21/07/2019;1;0,769281985;6,09141116
0;País;;;;IGN;4;UN-GGIM/IGN;0;JGONZALEZ@;22/03/2019;GEODBA;21/07/2019;1;8,88358E-06;0,013894932
0;País;Saint Pierre y Miquelon (Francia);;Saint Pierre y Miquelon (Francia);IGN;4;UN-GGIM/IGN;0;JGONZALEZ@;22/03/2019;GEODBA;21/07/2019;1;0,02867437;1,440638789
0;País;Turcas y Caicos (GBR);;Turcas y Caicos (GBR);IGN;4;UN-GGIM/IGN;0;JGONZALEZ@;22/03/2019;GEODBA;21/07/2019;1;0,038878358;3,456224627
0;País;;;;IGN;4;UN-GGIM/IGN;0;JGONZALEZ@;22/03/2019;GEODBA;21/07/2019;1;0,001566874;0,55828235
0;País;Estados Unidos de América;;Estados Unidos de América;IGN;4;UN-GGIM/IGN;0;JGONZALEZ@;22/03/2019;GEODBA;21/07/2019;1;1116,361753;948,7244939
0;País;;;;IGN;4;UN-GGIM/IGN;0;JGONZALEZ@;22/03/2019;GEODBA;21/07/2019;1;0,005638748;0,657738928
0;País;San Vicente y las Granadinas;;San Vicente y las Granadinas;IGN;4;UN-GGIM/IGN;0;JGONZALEZ@;22/03/2019;GEODBA;21/07/2019;1;0,030665912;1,228524485
0;País;Islas Vírgenes (USA);;Islas Vírgenes (USA);IGN;4;UN-GGIM/IGN;0;JGONZALEZ@;22/03/2019;GEODBA;21/07/2019;1;0,012400494;1,374538945
0;País;Islas Vírgenes (GBR);;Islas Vírgenes (GBR);IGN;4;UN-GGIM/IGN;0;JGONZALEZ@;22/03/2019;GEODBA;21/07/2019;1;0,030265362;1,705456473
0;País;Aland (Finlandia);;Aland (Finlandia);IGN;4;UN-GGIM/IGN;0;JGONZALEZ@;22/03/2019;GEODBA;21/07/2019;1;0,152389069;7,534981671
0;País;Emiratos Áürabes Unidos;;Emiratos Áürabes Unidos;IGN;4;UN-GGIM/IGN;0;JGONZALEZ@;22/03/2019;GEODBA;21/07/2019;1;6,303561206;21,46633235
0;País;Samoa Americana (USA);;Samoa Americana (USA);IGN;4;UN-GGIM/IGN;0;JGONZALEZ@;22/03/2019;GEODBA;21/07/2019;1;0,015101319;1,073712703
0;País;Burkina Faso;;Burkina Faso;IGN;4;UN-GGIM/IGN;0;JGONZALEZ@;22/03/2019;GEODBA;21/07/2019;1;22,66904543;29,86550892
0;País;Brunei Darussalam;;Brunei Darussalam;IGN;4;UN-GGIM/IGN;0;JGONZALEZ@;22/03/2019;GEODBA;21/07/2019;1;0,465836539;5,270602709
0;País;Islas Cook (Nueva Zelandia);;Islas Cook (Nueva Zelandia);IGN;4;UN-GGIM/IGN;0;JGONZALEZ@;22/03/2019;GEODBA;21/07/2019;1;0,016505483;1,764202059
0;País;República Áürabe de Egipto;;Egipto;IGN;4;UN-GGIM/IGN;0;JGONZALEZ@;22/03/2019;GEODBA;21/07/2019;1;90,73192663;61,15930932
0;País;Islas Feroe (Dinamarca);;Islas Feroe (Dinamarca);IGN;4;UN-GGIM/IGN;0;JGONZALEZ@;22/03/2019;GEODBA;21/07/2019;1;0,22805794;10,26969248
0;País;Islas del Canal (GBR);;Islas del Canal (GBR);IGN;4;UN-GGIM/IGN;0;JGONZALEZ@;22/03/2019;GEODBA;21/07/2019;1;0,023743971;1,286070929
0;País;Gibraltar (GBR);;Gibraltar (GBR);IGN;4;UN-GGIM/IGN;0;JGONZALEZ@;22/03/2019;GEODBA;21/07/2019;1;0,000369676;0,085998694
0;País;Guam (USA);;Guam (USA);IGN;4;UN-GGIM/IGN;0;JGONZALEZ@;22/03/2019;GEODBA;21/07/2019;1;0,047093815;1,178240708
0;País;Islas Heard (AUS);;Islas Heard (AUS);IGN;4;UN-GGIM/IGN;0;JGONZALEZ@;22/03/2019;GEODBA;21/07/2019;1;0,052953978;1,41228219
0;País;Isla de Man (GBR);;Isla de Man (GBR);IGN;4;UN-GGIM/IGN;0;JGONZALEZ@;22/03/2019;GEODBA;21/07/2019;1;0,079185545;1,409961328
0;País;Islas de Chagos (GBR);;Islas de Chagos (GBR);IGN;4;UN-GGIM/IGN;0;JGONZALEZ@;22/03/2019;GEODBA;21/07/2019;1;0,004016279;1,171956487
0;País;Irlanda;;Irlanda;IGN;4;UN-GGIM/IGN;0;JGONZALEZ@;22/03/2019;GEODBA;21/07/2019;1;9,334048002;48,24203585
0;País;Japón;;Japón;IGN;4;UN-GGIM/IGN;0;JGONZALEZ@;22/03/2019;GEODBA;21/07/2019;1;38,17138308;155,1139965
0;País;Jamahiriya Áürabe Libia Popular y Socialista;;Libia (Jamahiriya Áürabe Libia);IGN;4;UN-GGIM/IGN;0;JGONZALEZ@;22/03/2019;GEODBA;21/07/2019;1;147,8943325;58,14068381
0;País;Gran Ducado de Luxemburgo;;Luxemburgo;IGN;4;UN-GGIM/IGN;0;JGONZALEZ@;22/03/2019;GEODBA;21/07/2019;1;0,325538937;2,960063134
0;País;ex República Yugoslava de Macedonia;;Macedonia;IGN;4;UN-GGIM/IGN;0;JGONZALEZ@;22/03/2019;GEODBA;21/07/2019;1;2,741446103;7,619170423
0;País;Montenegro;;Montenegro;IGN;4;UN-GGIM/IGN;0;JGONZALEZ@;22/03/2019;GEODBA;21/07/2019;1;1,51025412;7,910600326
0;País;Mongolia;;Mongolia;IGN;4;UN-GGIM/IGN;0;JGONZALEZ@;22/03/2019;GEODBA;21/07/2019;1;184,6029874;85,72407244
0;País;Islas Marianas Septentrionales (USA);;Islas Marianas Septentrionales (USA);IGN;4;UN-GGIM/IGN;0;JGONZALEZ@;22/03/2019;GEODBA;21/07/2019;1;0,048995147;2,9050046
0;País;Malasia;;Malasia;IGN;4;UN-GGIM/IGN;0;JGONZALEZ@;22/03/2019;GEODBA;21/07/2019;1;26,70317173;68,45686927
0;País;Nueva Caledonia (Francia);;Nueva Caledonia (Francia);IGN;4;UN-GGIM/IGN;0;JGONZALEZ@;22/03/2019;GEODBA;21/07/2019;1;1,649069668;18,10354074
0;País;Islas Niue (Nueva Zelandia);;Islas Niue (Nueva Zelandia);IGN;4;UN-GGIM/IGN;0;JGONZALEZ@;22/03/2019;GEODBA;21/07/2019;1;0,018930655;0,581958379
0;País;Sultanía de Omán;;Omán;IGN;4;UN-GGIM/IGN;0;JGONZALEZ@;22/03/2019;GEODBA;21/07/2019;1;26,98299948;35,41069262
0;País;Pitcairn y Dependencias (GBR);;Pitcairn y Dependencias (GBR);IGN;4;UN-GGIM/IGN;0;JGONZALEZ@;22/03/2019;GEODBA;21/07/2019;1;0,003789305;0,390317874
0;País;Islas Spratly;;Islas Spratly;IGN;4;UN-GGIM/IGN;0;JGONZALEZ@;22/03/2019;GEODBA;21/07/2019;1;0,000989603;0,397187297
0;País;Papúa Nueva Guinea;;Papúa Nueva Guinea;IGN;4;UN-GGIM/IGN;0;JGONZALEZ@;22/03/2019;GEODBA;21/07/2019;1;38,04366639;108,3082383
0;País;Polinesia Francesa (Francia);;Polinesia Francesa (Francia);IGN;4;UN-GGIM/IGN;0;JGONZALEZ@;22/03/2019;GEODBA;21/07/2019;1;0,28139218;20,21736443
0;País;Rumania;;Rumania;IGN;4;UN-GGIM/IGN;0;JGONZALEZ@;22/03/2019;GEODBA;21/07/2019;1;27,38718194;31,53494155
0;País;Sahara Occidental;;Sahara Occidental;IGN;4;UN-GGIM/IGN;0;JGONZALEZ@;22/03/2019;GEODBA;21/07/2019;1;8,048647545;28,229362
0;País;;;;IGN;4;UN-GGIM/IGN;0;JGONZALEZ@;22/03/2019;GEODBA;21/07/2019;1;8,22282E-06;0,011546084
0;País;La República de Sudán del Sur;;Sudán del Sur;IGN;4;UN-GGIM/IGN;0;JGONZALEZ@;22/03/2019;GEODBA;21/07/2019;1;51,35561788;43,67750195
0;País;Santa Helena (GBR);;Santa Helena (GBR);IGN;4;UN-GGIM/IGN;0;JGONZALEZ@;22/03/2019;GEODBA;21/07/2019;1;0,033666262;1,489643267
0;País;Islas Salomón;;Islas Salomón;IGN;4;UN-GGIM/IGN;0;JGONZALEZ@;22/03/2019;GEODBA;21/07/2019;1;2,236402508;40,72151469
0;País;Turkmenistán;;Turkmenistán;IGN;4;UN-GGIM/IGN;0;JGONZALEZ@;22/03/2019;GEODBA;21/07/2019;1;49,05929391;57,70585759
0;País;Tuvalu;;Tuvalu;IGN;4;UN-GGIM/IGN;0;JGONZALEZ@;22/03/2019;GEODBA;21/07/2019;1;0,00188715;0,700800125
0;País;Ucrania;;Ucrania;IGN;4;UN-GGIM/IGN;0;JGONZALEZ@;22/03/2019;GEODBA;21/07/2019;1;73,64989005;84,13553818
0;País;Wallis y Futuna (Francia);;Wallis y Futuna (Francia);IGN;4;UN-GGIM/IGN;0;JGONZALEZ@;22/03/2019;GEODBA;21/07/2019;1;0,011644271;0,723244472
0;País;;;;IGN;4;UN-GGIM/IGN;0;JGONZALEZ@;22/03/2019;GEODBA;21/07/2019;1;2,40742E-05;0,021181615
0;País;;;;IGN;4;UN-GGIM/IGN;0;JGONZALEZ@;22/03/2019;GEODBA;21/07/2019;1;2351,516682;557,4311066
0;País;;;;IGN;4;UN-GGIM/IGN;0;JGONZALEZ@;22/03/2019;GEODBA;21/07/2019;1;3,46155E-05;0,024634606
0;País;;;;IGN;4;UN-GGIM/IGN;0;JGONZALEZ@;22/03/2019;GEODBA;21/07/2019;1;2,64734E-05;0,030365343
0;País;;;;IGN;4;UN-GGIM/IGN;0;JGONZALEZ@;22/03/2019;GEODBA;21/07/2019;1;9,02169E-05;0,061112786
0;País;;;;IGN;4;UN-GGIM/IGN;0;JGONZALEZ@;22/03/2019;GEODBA;21/07/2019;1;3,96408E-05;0,037724371
0;País;;;;IGN;4;UN-GGIM/IGN;0;JGONZALEZ@;22/03/2019;GEODBA;21/07/2019;1;2,24356E-05;0,030652536
0;País;;;;IGN;4;UN-GGIM/IGN;0;JGONZALEZ@;22/03/2019;GEODBA;21/07/2019;1;3,80986E-05;0,024814253
0;País;;;;IGN;4;UN-GGIM/IGN;0;JGONZALEZ@;22/03/2019;GEODBA;21/07/2019;1;1,71587E-05;0,017324738
0;País;;;;IGN;4;UN-GGIM/IGN;0;JGONZALEZ@;22/03/2019;GEODBA;21/07/2019;1;1,74184E-05;0,020705564
0;País;;;;IGN;4;UN-GGIM/IGN;0;JGONZALEZ@;22/03/2019;GEODBA;21/07/2019;1;3,27331E-05;0,025224437
0;País;;;;IGN;4;UN-GGIM/IGN;0;JGONZALEZ@;22/03/2019;GEODBA;21/07/2019;1;2,17325E-05;0,02887468
0;País;;;;IGN;4;UN-GGIM/IGN;0;JGONZALEZ@;22/03/2019;GEODBA;21/07/2019;1;2,87362E-06;0,010415228
0;País;;;;IGN;4;UN-GGIM/IGN;0;JGONZALEZ@;22/03/2019;GEODBA;21/07/2019;1;2,67282E-05;0,032157507
0;País;;;;IGN;4;UN-GGIM/IGN;0;JGONZALEZ@;22/03/2019;GEODBA;21/07/2019;1;1,30426E-05;0,023354665
0;País;;;;IGN;4;UN-GGIM/IGN;0;JGONZALEZ@;22/03/2019;GEODBA;21/07/2019;1;2,33878E-05;0,02106335
0;País;;;;IGN;4;UN-GGIM/IGN;0;JGONZALEZ@;22/03/2019;GEODBA;21/07/2019;1;5,4896E-05;0,054224627
0;País;;;;IGN;4;UN-GGIM/IGN;0;JGONZALEZ@;22/03/2019;GEODBA;21/07/2019;1;2,71923E-05;0,041521339
0;País;;;;IGN;4;UN-GGIM/IGN;0;JGONZALEZ@;22/03/2019;GEODBA;21/07/2019;1;9,76743E-05;0,059986613
0;País;;;;IGN;4;UN-GGIM/IGN;0;JGONZALEZ@;22/03/2019;GEODBA;21/07/2019;1;9,98418E-05;0,051684244
0;País;;;;IGN;4;UN-GGIM/IGN;0;JGONZALEZ@;22/03/2019;GEODBA;21/07/2019;1;4,76817E-05;0,026736407
0;País;;;;IGN;4;UN-GGIM/IGN;0;JGONZALEZ@;22/03/2019;GEODBA;21/07/2019;1;7,44878E-05;0,041974496
0;País;;;;IGN;4;UN-GGIM/IGN;0;JGONZALEZ@;22/03/2019;GEODBA;21/07/2019;1;3,05717E-05;0,024017986
0;País;;;;IGN;4;UN-GGIM/IGN;0;JGONZALEZ@;22/03/2019;GEODBA;21/07/2019;1;0,00030152;0,073864008
0;País;;;;IGN;4;UN-GGIM/IGN;0;JGONZALEZ@;22/03/2019;GEODBA;21/07/2019;1;4,17746E-05;0,034245676
0;País;;;;IGN;4;UN-GGIM/IGN;0;JGONZALEZ@;22/03/2019;GEODBA;21/07/2019;1;1,07425E-05;0,025371639
0;País;;;;IGN;4;UN-GGIM/IGN;0;JGONZALEZ@;22/03/2019;GEODBA;21/07/2019;1;3,02076E-05;0,033771274
0;País;;;;IGN;4;UN-GGIM/IGN;0;JGONZALEZ@;22/03/2019;GEODBA;21/07/2019;1;2,23396E-05;0,019487957
0;País;;;;IGN;4;UN-GGIM/IGN;0;JGONZALEZ@;22/03/2019;GEODBA;21/07/2019;1;1,8401E-05;0,020986684
0;País;;;;IGN;4;UN-GGIM/IGN;0;JGONZALEZ@;22/03/2019;GEODBA;21/07/2019;1;1,16589E-05;0,018983399
0;País;;;;IGN;4;UN-GGIM/IGN;0;JGONZALEZ@;22/03/2019;GEODBA;21/07/2019;1;3,44059E-05;0,041985123
0;País;;;;IGN;4;UN-GGIM/IGN;0;JGONZALEZ@;22/03/2019;GEODBA;21/07/2019;1;1,26588E-05;0,020604208
0;País;;;;IGN;4;UN-GGIM/IGN;0;JGONZALEZ@;22/03/2019;GEODBA;21/07/2019;1;2,26547E-05;0,027656101
0;País;;;;IGN;4;UN-GGIM/IGN;0;JGONZALEZ@;22/03/2019;GEODBA;21/07/2019;1;2,37749E-05;0,023938839
0;País;;;;IGN;4;UN-GGIM/IGN;0;JGONZALEZ@;22/03/2019;GEODBA;21/07/2019;1;624,1603759;429,4798987
0;País;;;;IGN;4;UN-GGIM/IGN;0;JGONZALEZ@;22/03/2019;GEODBA;21/07/2019;1;0,000489729;0,182208868
0;País;Mayotte (FRA);;Mayotte (FRA);IGN;4;UN-GGIM/IGN;0;JGONZALEZ@;22/03/2019;GEODBA;21/07/2019;1;0,03288021;1,294389468
0;País;Guayana Francesa (Francia);;Guayana Francesa (Francia);IGN;4;UN-GGIM/IGN;0;JGONZALEZ@;22/03/2019;GEODBA;21/07/2019;1;6,791912671;14,14105616
0;País;Martinica (Francia);;Martinica (Francia);IGN;4;UN-GGIM/IGN;0;JGONZALEZ@;22/03/2019;GEODBA;21/07/2019;1;0,09207851;2,026431418
0;País;Guadalupe (Francia);;Guadalupe (Francia);IGN;4;UN-GGIM/IGN;0;JGONZALEZ@;22/03/2019;GEODBA;21/07/2019;1;0,140069401;3,180950116
0;País;Islas Kerguelén (FRA);;Islas Kerguelén (FRA);IGN;4;UN-GGIM/IGN;0;JGONZALEZ@;22/03/2019;GEODBA;21/07/2019;1;0,863695549;16,25879915
0;País;Islas Crozet (FRA);;Islas Crozet (FRA);IGN;4;UN-GGIM/IGN;0;JGONZALEZ@;22/03/2019;GEODBA;21/07/2019;1;0,023969577;0,860447961
0;País;;;;IGN;4;UN-GGIM/IGN;0;JGONZALEZ@;22/03/2019;GEODBA;21/07/2019;1;0,001008362;0,121496013
0;País;;;;IGN;4;UN-GGIM/IGN;0;JGONZALEZ@;22/03/2019;GEODBA;21/07/2019;1;0,005445765;0,273314555
0;País;;;;IGN;4;UN-GGIM/IGN;0;JGONZALEZ@;22/03/2019;GEODBA;21/07/2019;1;0,001627336;0,250997055
0;País;;;;IGN;4;UN-GGIM/IGN;0;JGONZALEZ@;22/03/2019;GEODBA;21/07/2019;1;3,65906E-06;0,008738109
0;País;;;;IGN;4;UN-GGIM/IGN;0;JGONZALEZ@;22/03/2019;GEODBA;21/07/2019;1;0,000343591;0,08317704
0;País;;;;IGN;4;UN-GGIM/IGN;0;JGONZALEZ@;22/03/2019;GEODBA;21/07/2019;1;2,94083E-05;0,024838136
0;País;;;;IGN;4;UN-GGIM/IGN;0;JGONZALEZ@;22/03/2019;GEODBA;21/07/2019;1;0,000163128;0,058351717
0;País;Unión de las Comoras;;Comoras;IGN;4;UN-GGIM/IGN;0;JGONZALEZ@;22/03/2019;GEODBA;21/07/2019;1;0,138752075;3,115650617
0;País;Groenlandia (Dinamarca);;Groenlandia (Dinamarca);IGN;4;UN-GGIM/IGN;0;JGONZALEZ@;22/03/2019;GEODBA;21/07/2019;1;677,5095682;235,6782158
0;País;República Federativa del Brasil;República Federativa;Brasil;;4;;0;JGONZALEZ@;22/03/2019;GEODBA;21/07/2019;1;712,0921645;269,8745124
0;País;República de Chile;-2;Chile;;4;;0;JGONZALEZ@;22/03/2019;GEODBA;21/07/2019;1;78,65399718;882,2302053
0;País;República Oriental del Uruguay;República;Uruguay;;4;;0;JGONZALEZ@;22/03/2019;GEODBA;21/07/2019;1;17,15858458;20,24073042
0;País;República del Paraguay;República;Paraguay;;4;;0;JGONZALEZ@;22/03/2019;GEODBA;21/07/2019;1;35,2190264;42,72417376
0;País;Aruba (NLD);;Aruba (NLD);IGN;4;UN-GGIM/IGN;0;JGONZALEZ@;22/03/2019;GEODBA;21/07/2019;1;0,014118879;0,652367088
0;País;República de Colombia;República;Colombia;IGN;4;UN-GGIM/IGN;0;JGONZALEZ@;22/03/2019;GEODBA;21/07/2019;1;92,56084931;83,2705172
0;País;República de Costa Rica;República;Costa Rica;IGN;4;UN-GGIM/IGN;0;JGONZALEZ@;22/03/2019;GEODBA;21/07/2019;1;4,21732586;18,38046895
0;País;República de Cuba;República;Cuba;IGN;4;UN-GGIM/IGN;0;JGONZALEZ@;22/03/2019;GEODBA;21/07/2019;1;9,59075598;54,16247976
0;País;Antillas Holandesas (NLD);;Antillas Holandesas (NLD);IGN;4;UN-GGIM/IGN;0;JGONZALEZ@;22/03/2019;GEODBA;21/07/2019;1;0,06083507;2,078001489
0;País;Caimán (GBR);;Caimán (GBR);IGN;4;UN-GGIM/IGN;0;JGONZALEZ@;22/03/2019;GEODBA;21/07/2019;1;0,026596904;1,70495528
0;País;República Dominicana;República;República Dominicana;IGN;4;UN-GGIM/IGN;0;JGONZALEZ@;22/03/2019;GEODBA;21/07/2019;1;4,15377013;14,44888538
0;País;República del Ecuador;República;Ecuador;IGN;4;UN-GGIM/IGN;0;JGONZALEZ@;22/03/2019;GEODBA;21/07/2019;1;20,72962188;39,67947295
0;País;República de Guatemala;República;Guatemala;IGN;4;UN-GGIM/IGN;0;JGONZALEZ@;22/03/2019;GEODBA;21/07/2019;1;9,174973468;17,75766301
0;País;República Guyana;República;Guyana;IGN;4;UN-GGIM/IGN;0;JGONZALEZ@;22/03/2019;GEODBA;21/07/2019;1;17,17472191;29,80031981
0;País;República de Honduras;República;Honduras;IGN;4;UN-GGIM/IGN;0;JGONZALEZ@;22/03/2019;GEODBA;21/07/2019;1;9,426256432;26,13692623
0;País;República de Haití;República;Haití;IGN;4;UN-GGIM/IGN;0;JGONZALEZ@;22/03/2019;GEODBA;21/07/2019;1;2,306569955;16,2108667
0;País;República de Nicaragua;República;Nicaragua;IGN;4;UN-GGIM/IGN;0;JGONZALEZ@;22/03/2019;GEODBA;21/07/2019;1;10,71786175;22,11717437
0;País;República de Panamá;República;Panamá;IGN;4;UN-GGIM/IGN;0;JGONZALEZ@;22/03/2019;GEODBA;21/07/2019;1;6,120870734;35,64038678
0;País;República del Perú;República;Perú;IGN;4;UN-GGIM/IGN;0;JGONZALEZ@;22/03/2019;GEODBA;21/07/2019;1;106,7709899;79,00174416
0;País;República de El Salvador;República;El Salvador;IGN;4;UN-GGIM/IGN;0;JGONZALEZ@;22/03/2019;GEODBA;21/07/2019;1;1,714399734;8,310223178
0;País;República de Suriname;República;Suriname;IGN;4;UN-GGIM/IGN;0;JGONZALEZ@;22/03/2019;GEODBA;21/07/2019;1;10,45869485;16,93105235
0;País;República de Trinidad y Tobago;República;Trinidad y Tobago;IGN;4;UN-GGIM/IGN;0;JGONZALEZ@;22/03/2019;GEODBA;21/07/2019;1;0,423053916;4,66253815
0;País;República Bolivariana de Venezuela;República;Venezuela;IGN;4;UN-GGIM/IGN;0;JGONZALEZ@;22/03/2019;GEODBA;21/07/2019;1;74,70386905;90,82604564
0;País;Estado Islámico del Afganistán;Estado Islámico;Afganistán;IGN;4;UN-GGIM/IGN;0;JGONZALEZ@;22/03/2019;GEODBA;21/07/2019;1;62,59166677;52,76588183
0;País;República Popular de Angola;República Popular;Angola;IGN;4;UN-GGIM/IGN;0;JGONZALEZ@;22/03/2019;GEODBA;21/07/2019;1;103,5854669;61,82907693
0;País;República de Albania;República;Albania;IGN;4;UN-GGIM/IGN;0;JGONZALEZ@;22/03/2019;GEODBA;21/07/2019;1;3,039395527;11,05045271
0;País;Principado de Andorra;Principado;Andorra;IGN;4;UN-GGIM/IGN;0;JGONZALEZ@;22/03/2019;GEODBA;21/07/2019;1;0,049560734;1,057953177
0;País;República de Armenia;República;Armenia;IGN;4;UN-GGIM/IGN;0;JGONZALEZ@;22/03/2019;GEODBA;21/07/2019;1;3,133777882;12,80647123
0;País;Australia;;Australia;IGN;4;UN-GGIM/IGN;0;JGONZALEZ@;22/03/2019;GEODBA;21/07/2019;1;695,9090945;322,895547
0;País;República de Austria;República;Austria;IGN;4;UN-GGIM/IGN;0;JGONZALEZ@;22/03/2019;GEODBA;21/07/2019;1;10,04370859;24,13856829
0;País;República de  Azerbaiyán;República;Azerbaiyán;IGN;4;UN-GGIM/IGN;0;JGONZALEZ@;22/03/2019;GEODBA;21/07/2019;1;9,135449902;27,68972152
0;País;República de Burundi;República;Burundi;IGN;4;UN-GGIM/IGN;0;JGONZALEZ@;22/03/2019;GEODBA;21/07/2019;1;2,200613798;8,081613246
0;País;Reino de Bélgica;Reino;Bélgica;IGN;4;UN-GGIM/IGN;0;JGONZALEZ@;22/03/2019;GEODBA;21/07/2019;1;3,897350854;13,49679005
0;País;República de Benin;República;Benin;IGN;4;UN-GGIM/IGN;0;JGONZALEZ@;22/03/2019;GEODBA;21/07/2019;1;9,56811218;18,10429773
0;País;República Popular de Bangladesh;República Popular;Bangladesh;IGN;4;UN-GGIM/IGN;0;JGONZALEZ@;22/03/2019;GEODBA;21/07/2019;1;12,13624647;53,18719069
0;País;República de Bulgaria;República;Bulgaria;IGN;4;UN-GGIM/IGN;0;JGONZALEZ@;22/03/2019;GEODBA;21/07/2019;1;12,40285152;21,56982398
0;País;Reino de Bahrein;Reino;Bahrein;IGN;4;UN-GGIM/IGN;0;JGONZALEZ@;22/03/2019;GEODBA;21/07/2019;1;0,050803519;1,172330827
0;País;Bosnia y Herzegovina;;Bosnia y Herzegovina;IGN;4;UN-GGIM/IGN;0;JGONZALEZ@;22/03/2019;GEODBA;21/07/2019;1;5,832470222;14,19158994
0;País;República de Belarús;República;Belarús;IGN;4;UN-GGIM/IGN;0;JGONZALEZ@;22/03/2019;GEODBA;21/07/2019;1;28,12238947;33,71345908
0;País;Reino de Bhután;Reino;Bhután;IGN;4;UN-GGIM/IGN;0;JGONZALEZ@;22/03/2019;GEODBA;21/07/2019;1;3,68402684;9,889869767
0;País;República de Botswana;República;Botswana;IGN;4;UN-GGIM/IGN;0;JGONZALEZ@;22/03/2019;GEODBA;21/07/2019;1;50,73934852;35,07867845
0;País;República Centroafricana;República;República Centroafricana;IGN;4;UN-GGIM/IGN;0;JGONZALEZ@;22/03/2019;GEODBA;21/07/2019;1;50,54770191;44,63663555
0;País;Confederación Suiza;Confederación;Suiza;IGN;4;UN-GGIM/IGN;0;JGONZALEZ@;22/03/2019;GEODBA;21/07/2019;1;4,882228915;16,61816109
0;País;República Popular de China;República Popular;China;IGN;4;UN-GGIM/IGN;0;JGONZALEZ@;22/03/2019;GEODBA;21/07/2019;1;951,1218079;361,3815979
0;País;República de CÁ´te d'Ivoire;República;CÁ´te d'Ivoire (Costa de Marfil);IGN;4;UN-GGIM/IGN;0;JGONZALEZ@;22/03/2019;GEODBA;21/07/2019;1;26,28711804;36,2820401
0;País;República del Camerún;República;Camerún;IGN;4;UN-GGIM/IGN;0;JGONZALEZ@;22/03/2019;GEODBA;21/07/2019;1;37,9375709;46,00565851
0;País;República Democrática del Congo;República Democrática;República Democrática del Congo;IGN;4;UN-GGIM/IGN;0;JGONZALEZ@;22/03/2019;GEODBA;21/07/2019;1;189,6789038;87,70139388
0;País;República del Congo;República;Congo;IGN;4;UN-GGIM/IGN;0;JGONZALEZ@;22/03/2019;GEODBA;21/07/2019;1;28,04454511;39,58354305
0;País;República de Cabo Verde;República;Cabo Verde;IGN;4;UN-GGIM/IGN;0;JGONZALEZ@;22/03/2019;GEODBA;21/07/2019;1;0,327783465;7,407786788
0;País;República de Chipre;República;Chipre;IGN;4;UN-GGIM/IGN;0;JGONZALEZ@;22/03/2019;GEODBA;21/07/2019;1;0,917022742;6,419165969
0;País;República Checa;República;República Checa;IGN;4;UN-GGIM/IGN;0;JGONZALEZ@;22/03/2019;GEODBA;21/07/2019;1;9,822665856;20,37092853
0;País;República Federal de Alemania;República Federal;Alemania;IGN;4;UN-GGIM/IGN;0;JGONZALEZ@;22/03/2019;GEODBA;21/07/2019;1;45,9300268;68,23522451
0;País;República de Djibouti;República;Djibouti;IGN;4;UN-GGIM/IGN;0;JGONZALEZ@;22/03/2019;GEODBA;21/07/2019;1;1,811975435;7,49339765
0;País;Reino de Dinamarca;Reino;Dinamarca;IGN;4;UN-GGIM/IGN;0;JGONZALEZ@;22/03/2019;GEODBA;21/07/2019;1;6,141073398;55,76545686
0;País;República Democrática Popular de Argelia;República Democrática Popular;Argelia;IGN;4;UN-GGIM/IGN;0;JGONZALEZ@;22/03/2019;GEODBA;21/07/2019;1;212,6909391;71,64168692
0;País;Estado de Eritrea;Estado;Eritrea;IGN;4;UN-GGIM/IGN;0;JGONZALEZ@;22/03/2019;GEODBA;21/07/2019;1;10,31616232;27,61095403
0;País;República de Estonia;República;Estonia;IGN;4;UN-GGIM/IGN;0;JGONZALEZ@;22/03/2019;GEODBA;21/07/2019;1;7,089583546;27,2080217
0;País;República Democrática Federal de Etiopía;República Democrática Federal;Etiopía;IGN;4;UN-GGIM/IGN;0;JGONZALEZ@;22/03/2019;GEODBA;21/07/2019;1;92,70778211;47,37513818
0;País;República de Finlandia;República;Finlandia;IGN;4;UN-GGIM/IGN;0;JGONZALEZ@;22/03/2019;GEODBA;21/07/2019;1;62,22780439;86,71653174
0;País;República de las Islas Fiyi;República;Fiyi;IGN;4;UN-GGIM/IGN;0;JGONZALEZ@;22/03/2019;GEODBA;21/07/2019;1;1,610251067;24,08275202
0;País;Estados Federados de Micronesia;Estados Federados;Micronesia;IGN;4;UN-GGIM/IGN;0;JGONZALEZ@;22/03/2019;GEODBA;21/07/2019;1;0,051882195;3,111983441
0;País;República Gabonesa;República;Gabón;IGN;4;UN-GGIM/IGN;0;JGONZALEZ@;22/03/2019;GEODBA;21/07/2019;1;21,12697699;37,17586261
0;País;Reino Unido de Gran BretaÁ±a e Irlanda del Norte;Reino;Reino Unido;IGN;4;UN-GGIM/IGN;0;JGONZALEZ@;22/03/2019;GEODBA;21/07/2019;1;33,54573593;155,6140549
0;País;República de Georgia;República;Georgia;IGN;4;UN-GGIM/IGN;0;JGONZALEZ@;22/03/2019;GEODBA;21/07/2019;1;7,580224361;18,82616864
0;País;República de Ghana;República;Ghana;IGN;4;UN-GGIM/IGN;0;JGONZALEZ@;22/03/2019;GEODBA;21/07/2019;1;19,58114253;23,36449526
0;País;República de Guinea;República;Guinea;IGN;4;UN-GGIM/IGN;0;JGONZALEZ@;22/03/2019;GEODBA;21/07/2019;1;20,17638895;36,70221488
0;País;República de Gambia;República;Gambia;IGN;4;UN-GGIM/IGN;0;JGONZALEZ@;22/03/2019;GEODBA;21/07/2019;1;0,876541803;11,26939992
0;País;República de Guinea-Bissau;República;Guinea-Bissau;IGN;4;UN-GGIM/IGN;0;JGONZALEZ@;22/03/2019;GEODBA;21/07/2019;1;2,725398396;23,74092529
0;País;República de Guinea Ecuatorial;República;Guinea Ecuatorial;IGN;4;UN-GGIM/IGN;0;JGONZALEZ@;22/03/2019;GEODBA;21/07/2019;1;2,167882808;8,856920752
0;País;República Helénica;República;Grecia;IGN;4;UN-GGIM/IGN;0;JGONZALEZ@;22/03/2019;GEODBA;21/07/2019;1;13,67420054;108,7092875
0;País;Hong Kong (Región Administrativa Especial) (China);;Hong Kong (Región Administrativa Especial) (China);IGN;4;UN-GGIM/IGN;0;JGONZALEZ@;22/03/2019;GEODBA;21/07/2019;1;0,090865791;4,254990549
0;País;República de Croacia;República;Croacia;IGN;4;UN-GGIM/IGN;0;JGONZALEZ@;22/03/2019;GEODBA;21/07/2019;1;6,293751536;49,30882421
0;País;República de Hungría;República;Hungría;IGN;4;UN-GGIM/IGN;0;JGONZALEZ@;22/03/2019;GEODBA;21/07/2019;1;11,05700512;19,35686592
0;País;República de Indonesia;República;Indonesia;IGN;4;UN-GGIM/IGN;0;JGONZALEZ@;22/03/2019;GEODBA;21/07/2019;1;153,0786105;495,0299796
0;País;República de la India;República;India;IGN;4;UN-GGIM/IGN;0;JGONZALEZ@;22/03/2019;GEODBA;21/07/2019;1;278,8430051;204,8708462
0;País;Islas Christmas (Australia);;Islas Christmas (Australia);IGN;4;UN-GGIM/IGN;0;JGONZALEZ@;22/03/2019;GEODBA;21/07/2019;1;0,008152922;0,48992766
0;País;República Islámica del Irán;República;Irán;IGN;4;UN-GGIM/IGN;0;JGONZALEZ@;22/03/2019;GEODBA;21/07/2019;1;156,0879804;83,53363461
0;País;República de Iraq;República;Iraq;IGN;4;UN-GGIM/IGN;0;JGONZALEZ@;22/03/2019;GEODBA;21/07/2019;1;42,24398366;34,67612129
0;País;República de Islandia;República;Islandia;IGN;4;UN-GGIM/IGN;0;JGONZALEZ@;22/03/2019;GEODBA;21/07/2019;1;19,46723109;83,05058555
0;País;Estado de Israel;Estado;Israel;IGN;4;UN-GGIM/IGN;0;JGONZALEZ@;22/03/2019;GEODBA;21/07/2019;1;2,07820772;11,70779757
0;País;República Italiana;República;Italia;IGN;4;UN-GGIM/IGN;0;JGONZALEZ@;22/03/2019;GEODBA;21/07/2019;1;33,17288074;80,18771337
0;País;Reino Hachemita de Jordania;Reino;Jordania;IGN;4;UN-GGIM/IGN;0;JGONZALEZ@;22/03/2019;GEODBA;21/07/2019;1;8,415066908;16,53010316
0;País;República de Kazajstán;República;Kazajstán;IGN;4;UN-GGIM/IGN;0;JGONZALEZ@;22/03/2019;GEODBA;21/07/2019;1;329,3675755;158,8204179
0;País;República de Kenya;República;Kenya;IGN;4;UN-GGIM/IGN;0;JGONZALEZ@;22/03/2019;GEODBA;21/07/2019;1;47,61962905;37,08146433
0;País;República de Kirguistán;República;Kirguistán;IGN;4;UN-GGIM/IGN;0;JGONZALEZ@;22/03/2019;GEODBA;21/07/2019;1;21,4488261;40,58257434
0;País;Reino de Camboya;Reino;Camboya;IGN;4;UN-GGIM/IGN;0;JGONZALEZ@;22/03/2019;GEODBA;21/07/2019;1;15,07169478;26,03261084
0;País;República de Kiribati;República;Kiribati;IGN;4;UN-GGIM/IGN;0;JGONZALEZ@;22/03/2019;GEODBA;21/07/2019;1;0,077266769;10,4885695
0;País;República de Corea;República;Corea del Sur;IGN;4;UN-GGIM/IGN;0;JGONZALEZ@;22/03/2019;GEODBA;21/07/2019;1;9,898048096;50,66759738
0;País;República de Kosovo;República;Kosovo;IGN;4;UN-GGIM/IGN;0;JGONZALEZ@;22/03/2019;GEODBA;21/07/2019;1;1,196572022;5,925916115
0;País;Estado de Kuwait;Estado;Kuwait;IGN;4;UN-GGIM/IGN;0;JGONZALEZ@;22/03/2019;GEODBA;21/07/2019;1;1,623277174;8,79982291
0;País;República Democrática Popular Lao;República Democrática Popular;Laos;IGN;4;UN-GGIM/IGN;0;JGONZALEZ@;22/03/2019;GEODBA;21/07/2019;1;19,52870067;40,58614677
0;País;República Libanesa;República;Líbano;IGN;4;UN-GGIM/IGN;0;JGONZALEZ@;22/03/2019;GEODBA;21/07/2019;1;0,974972687;6,083823865
0;País;República de Liberia;República;Liberia;IGN;4;UN-GGIM/IGN;0;JGONZALEZ@;22/03/2019;GEODBA;21/07/2019;1;7,791180173;17,02369378
0;País;Principado de Liechtenstein;Principado;Liechtenstein;IGN;4;UN-GGIM/IGN;0;JGONZALEZ@;22/03/2019;GEODBA;21/07/2019;1;0,016274268;0,615380291
0;País;República Socialista Democrática de Sri Lanka;República Socialista Democrática;Sri Lanka;IGN;4;UN-GGIM/IGN;0;JGONZALEZ@;22/03/2019;GEODBA;21/07/2019;1;5,432875444;17,95715218
0;País;Reino de Lesotho;Reino;Lesotho;IGN;4;UN-GGIM/IGN;0;JGONZALEZ@;22/03/2019;GEODBA;21/07/2019;1;2,803340277;7,610840216
0;País;República de Lituania;República;Lituania;IGN;4;UN-GGIM/IGN;0;JGONZALEZ@;22/03/2019;GEODBA;21/07/2019;1;9,190397957;17,84207349
0;País;República de Letonia;República;Letonia;IGN;4;UN-GGIM/IGN;0;JGONZALEZ@;22/03/2019;GEODBA;21/07/2019;1;9,504864426;20,19114723
0;País;Macao (Región Administrativa Especial) (China);;Macao (Región Administrativa Especial) (China);IGN;4;UN-GGIM/IGN;0;JGONZALEZ@;22/03/2019;GEODBA;21/07/2019;1;0,002633285;0,423647786
0;País;Reino de Marruecos;Reino;Marruecos;IGN;4;UN-GGIM/IGN;0;JGONZALEZ@;22/03/2019;GEODBA;21/07/2019;1;55,35550009;54,28082513
0;País;Principado de Mónaco;Principado;Mónaco;IGN;4;UN-GGIM/IGN;0;JGONZALEZ@;22/03/2019;GEODBA;21/07/2019;1;0,002104909;0,182108259
0;País;República de Moldova;República;Moldova;IGN;4;UN-GGIM/IGN;0;JGONZALEZ@;22/03/2019;GEODBA;21/07/2019;1;3,941901061;14,39408039
0;País;República de Madagascar;República;Madagascar;IGN;4;UN-GGIM/IGN;0;JGONZALEZ@;22/03/2019;GEODBA;21/07/2019;1;51,06968338;49,83043208
0;País;República de Maldivas;República;Maldivas;IGN;4;UN-GGIM/IGN;0;JGONZALEZ@;22/03/2019;GEODBA;21/07/2019;1;0,012050498;4,796464055
0;País;República de las Islas Marshall;República;Islas Marshall;IGN;4;UN-GGIM/IGN;0;JGONZALEZ@;22/03/2019;GEODBA;21/07/2019;1;0,013495523;3,674870024
0;País;República de Malí;República;Malí;IGN;4;UN-GGIM/IGN;0;JGONZALEZ@;22/03/2019;GEODBA;21/07/2019;1;106,6824105;66,69879829
0;País;República de Malta;República;Malta;IGN;4;UN-GGIM/IGN;0;JGONZALEZ@;22/03/2019;GEODBA;21/07/2019;1;0,032521902;1,115304262
0;País;República de la Unión de Myanmar;República;Myanmar;IGN;4;UN-GGIM/IGN;0;JGONZALEZ@;22/03/2019;GEODBA;21/07/2019;1;57,78452943;106,2446995
0;País;República de Mozambique;República;Mozambique;IGN;4;UN-GGIM/IGN;0;JGONZALEZ@;22/03/2019;GEODBA;21/07/2019;1;67,15973895;75,82774415
0;País;República Islámica de Mauritania;República;Mauritania;IGN;4;UN-GGIM/IGN;0;JGONZALEZ@;22/03/2019;GEODBA;21/07/2019;1;89,72189429;54,8572124
0;País;República de Mauricio;República;Mauricio;IGN;4;UN-GGIM/IGN;0;JGONZALEZ@;22/03/2019;GEODBA;21/07/2019;1;0,174103613;2,317759377
0;País;República de Malawi;República;Malawi;IGN;4;UN-GGIM/IGN;0;JGONZALEZ@;22/03/2019;GEODBA;21/07/2019;1;9,962327155;24,74213472
0;País;República de Namibia;República;Namibia;IGN;4;UN-GGIM/IGN;0;JGONZALEZ@;22/03/2019;GEODBA;21/07/2019;1;72,12914793;49,89304374
0;País;República de Níger;República;Níger;IGN;4;UN-GGIM/IGN;0;JGONZALEZ@;22/03/2019;GEODBA;21/07/2019;1;100,5733076;51,55448463
0;País;Isla Norfolk;;Isla Norfolk;IGN;4;UN-GGIM/IGN;0;JGONZALEZ@;22/03/2019;GEODBA;21/07/2019;1;0,003811237;0,300075497
0;País;República Federal de Nigeria;República Federal;Nigeria;IGN;4;UN-GGIM/IGN;0;JGONZALEZ@;22/03/2019;GEODBA;21/07/2019;1;74,80306591;54,80386602
0;País;Reino de Noruega;Reino;Noruega;IGN;4;UN-GGIM/IGN;0;JGONZALEZ@;22/03/2019;GEODBA;21/07/2019;1;85,597459;552,7332535
0;País;República Federal Democrática de Nepal;República Federal Democrática;Nepal;IGN;4;UN-GGIM/IGN;0;JGONZALEZ@;22/03/2019;GEODBA;21/07/2019;1;13,52784693;25,11259117
0;País;República de Nauru;República;Nauru;IGN;4;UN-GGIM/IGN;0;JGONZALEZ@;22/03/2019;GEODBA;21/07/2019;1;0,002337144;0,178795441
0;País;Nueva Zelandia;;Nueva Zelanda;IGN;4;UN-GGIM/IGN;0;JGONZALEZ@;22/03/2019;GEODBA;21/07/2019;1;29,0615326;112,7378441
0;País;República Islámica de Pakistán;República;Pakistán;IGN;4;UN-GGIM/IGN;0;JGONZALEZ@;22/03/2019;GEODBA;21/07/2019;1;81,71043485;74,36135664
0;País;República de Filipinas;República;Filipinas;IGN;4;UN-GGIM/IGN;0;JGONZALEZ@;22/03/2019;GEODBA;21/07/2019;1;24,37122115;157,2229763
0;País;República de Palau;República;Palau;IGN;4;UN-GGIM/IGN;0;JGONZALEZ@;22/03/2019;GEODBA;21/07/2019;1;0,039194929;2,356656884
0;País;República de Polonia;República;Polonia;IGN;4;UN-GGIM/IGN;0;JGONZALEZ@;22/03/2019;GEODBA;21/07/2019;1;41,14177277;37,8187582
0;País;República Popular Democrática de Corea;República Popular Democrática;Corea del Norte;IGN;4;UN-GGIM/IGN;0;JGONZALEZ@;22/03/2019;GEODBA;21/07/2019;1;12,93804608;35,332283
0;País;Estado de Palestina;Estado;Palestina;IGN;4;UN-GGIM/IGN;0;JGONZALEZ@;22/03/2019;GEODBA;21/07/2019;1;0,598722796;4,94599484
0;País;Estado de Qatar;Estado;Qatar;IGN;4;UN-GGIM/IGN;0;JGONZALEZ@;22/03/2019;GEODBA;21/07/2019;1;0,998946309;5,545169826
0;País;Federación de Rusia;Federación;Rusia, Federación de;IGN;4;UN-GGIM/IGN;0;JGONZALEZ@;22/03/2019;GEODBA;21/07/2019;1;2925,892303;1655,982621
0;País;República Rwandesa;República;Rwanda;IGN;4;UN-GGIM/IGN;0;JGONZALEZ@;22/03/2019;GEODBA;21/07/2019;1;2,057061461;7,414580133
0;País;Reino de Arabia Saudita;Reino;Arabia Saudita;IGN;4;UN-GGIM/IGN;0;JGONZALEZ@;22/03/2019;GEODBA;21/07/2019;1;171,0157581;77,73647423
0;País;República del Sudán;República;Sudán;IGN;4;UN-GGIM/IGN;0;JGONZALEZ@;22/03/2019;GEODBA;21/07/2019;1;157,1016948;66,89227084
0;País;República de Senegal;República;Senegal;IGN;4;UN-GGIM/IGN;0;JGONZALEZ@;22/03/2019;GEODBA;21/07/2019;1;16,4456691;34,31836636
0;País;República de Singapur;República;Singapur;IGN;4;UN-GGIM/IGN;0;JGONZALEZ@;22/03/2019;GEODBA;21/07/2019;1;0,041485076;0,872987782
0;País;República de Sierra Leona;República;Sierra Leona;IGN;4;UN-GGIM/IGN;0;JGONZALEZ@;22/03/2019;GEODBA;21/07/2019;1;5,882082071;16,75911118
0;País;República de San Marino;República;San Marino;IGN;4;UN-GGIM/IGN;0;JGONZALEZ@;22/03/2019;GEODBA;21/07/2019;1;0,006761047;0,310292382
0;País;República Somalí;República;Somalia;IGN;4;UN-GGIM/IGN;0;JGONZALEZ@;22/03/2019;GEODBA;21/07/2019;1;52,31181059;50,35324197
0;País;República de Serbia;República;Serbia;IGN;4;UN-GGIM/IGN;0;JGONZALEZ@;22/03/2019;GEODBA;21/07/2019;1;8,737883696;20,58867933
0;País;República Democrática de Santo Tomé y Príncipe;República Democrática;Santo Tomé y Príncipe;IGN;4;UN-GGIM/IGN;0;JGONZALEZ@;22/03/2019;GEODBA;21/07/2019;1;0,084265104;1,665591845
0;País;República Eslovaca;República;Eslovaquia;IGN;4;UN-GGIM/IGN;0;JGONZALEZ@;22/03/2019;GEODBA;21/07/2019;1;5,920516893;14,9033383
0;País;República de Eslovenia;República;Eslovenia;IGN;4;UN-GGIM/IGN;0;JGONZALEZ@;22/03/2019;GEODBA;21/07/2019;1;2,365795534;10,73524978
0;País;Reino de Suecia;Reino;Suecia;IGN;4;UN-GGIM/IGN;0;JGONZALEZ@;22/03/2019;GEODBA;21/07/2019;1;78,56087986;116,6266313
0;País;Reino de Swazilandia;Reino;Swazilandia;IGN;4;UN-GGIM/IGN;0;JGONZALEZ@;22/03/2019;GEODBA;21/07/2019;1;1,550109229;5,069185764
0;País;República de Seychelles;República;Seychelles;IGN;4;UN-GGIM/IGN;0;JGONZALEZ@;22/03/2019;GEODBA;21/07/2019;1;0,033991768;2,775983268
0;País;República Áürabe Siria;República;Siria;IGN;4;UN-GGIM/IGN;0;JGONZALEZ@;22/03/2019;GEODBA;21/07/2019;1;18,36861095;23,11870131
0;País;República del Chad;República;Chad;IGN;4;UN-GGIM/IGN;0;JGONZALEZ@;22/03/2019;GEODBA;21/07/2019;1;106,807563;53,10173303
0;País;República Togolesa;República;Togo;IGN;4;UN-GGIM/IGN;0;JGONZALEZ@;22/03/2019;GEODBA;21/07/2019;1;4,671139271;14,97384344
0;País;Reino de Tailandia;Reino;Tailandia;IGN;4;UN-GGIM/IGN;0;JGONZALEZ@;22/03/2019;GEODBA;21/07/2019;1;43,32390296;76,74908778
0;País;República de Tayikistán;República;Tayikistán;IGN;4;UN-GGIM/IGN;0;JGONZALEZ@;22/03/2019;GEODBA;21/07/2019;1;14,69667407;36,69280985
0;País;República Democrática de Timor - Leste;República Democrática;Timor - Leste;IGN;4;UN-GGIM/IGN;0;JGONZALEZ@;22/03/2019;GEODBA;21/07/2019;1;1,239586213;8,253488028
0;País;Reino de Tonga;Reino;Tonga;IGN;4;UN-GGIM/IGN;0;JGONZALEZ@;22/03/2019;GEODBA;21/07/2019;1;0,052101751;3,204861075
0;País;República de Túnez;República;Túnez;IGN;4;UN-GGIM/IGN;0;JGONZALEZ@;22/03/2019;GEODBA;21/07/2019;1;15,31074925;27,09865116
0;País;República de Turquía;República;Turquía;IGN;4;UN-GGIM/IGN;0;JGONZALEZ@;22/03/2019;GEODBA;21/07/2019;1;81,20944743;87,58835476
0;País;República de China;República;Taiwán;IGN;4;UN-GGIM/IGN;0;JGONZALEZ@;22/03/2019;GEODBA;21/07/2019;1;3,206215621;11,84637776
0;País;República Unida de Tanzania;República Unida;Tanzania;IGN;4;UN-GGIM/IGN;0;JGONZALEZ@;22/03/2019;GEODBA;21/07/2019;1;77,01865072;51,17509795
0;País;República de Uganda;República;Uganda;IGN;4;UN-GGIM/IGN;0;JGONZALEZ@;22/03/2019;GEODBA;21/07/2019;1;19,65878031;21,95498512
0;País;República de Uzbekistán;República;Uzbekistán;IGN;4;UN-GGIM/IGN;0;JGONZALEZ@;22/03/2019;GEODBA;21/07/2019;1;48,50658455;64,67688797
0;País;Estado de la Ciudad del Vaticano;Estado;Vaticano (Santa Sede);IGN;4;UN-GGIM/IGN;0;JGONZALEZ@;22/03/2019;GEODBA;21/07/2019;1;1,32416E-06;0,004431495
0;País;República Socialista de Viet Nam;República Socialista;Viet Nam;IGN;4;UN-GGIM/IGN;0;JGONZALEZ@;22/03/2019;GEODBA;21/07/2019;1;27,94505975;87,71998004
0;País;República de Vanuatu;República;Vanuatu;IGN;4;UN-GGIM/IGN;0;JGONZALEZ@;22/03/2019;GEODBA;21/07/2019;1;1,039553917;20,77473054
0;País;Estado Independiente de Samoa;Estado Independiente;Samoa;IGN;4;UN-GGIM/IGN;0;JGONZALEZ@;22/03/2019;GEODBA;21/07/2019;1;0,232377854;3,139799114
0;País;República del Yemen;República;Yemen;IGN;4;UN-GGIM/IGN;0;JGONZALEZ@;22/03/2019;GEODBA;21/07/2019;1;38,24670176;37,30544112
0;País;República de Zambia;República;Zambia;IGN;4;UN-GGIM/IGN;0;JGONZALEZ@;22/03/2019;GEODBA;21/07/2019;1;62,81560245;51,22061268
0;País;República de Zimbabwe;República;Zimbabwe;IGN;4;UN-GGIM/IGN;0;JGONZALEZ@;22/03/2019;GEODBA;21/07/2019;1;33,41858309;26,90818617
0;País;República de Sudáfrica;República;Sudáfrica;IGN;4;UN-GGIM/IGN;0;JGONZALEZ@;22/03/2019;GEODBA;21/07/2019;1;113,1013436;72,9675125
0;País;;;;IGN;4;UN-GGIM/IGN;0;JGONZALEZ@;22/03/2019;GEODBA;21/07/2019;1;1756,19051;357,8830576
0;País;;;;IGN;4;UN-GGIM/IGN;0;JGONZALEZ@;22/03/2019;GEODBA;21/07/2019;1;758,8521001;328,7934909
0;País;Reunión (Francia);;Reunión (Francia);IGN;4;UN-GGIM/IGN;0;JGONZALEZ@;22/03/2019;GEODBA;21/07/2019;1;0,224514733;1,865431795
0;País;República Francesa;República;Francia;IGN;4;UN-GGIM/IGN;0;JGONZALEZ@;22/03/2019;GEODBA;21/07/2019;1;64,31179017;80,25189935
0;País;Reino de los Países Bajos;Reino;Países Bajos (Holanda);IGN;4;UN-GGIM/IGN;0;JGONZALEZ@;22/03/2019;GEODBA;21/07/2019;1;4,884540333;22,81638596
0;País;Islas Cocos (Australia);;Islas Cocos (Australia);IGN;4;UN-GGIM/IGN;0;JGONZALEZ@;22/03/2019;GEODBA;21/07/2019;1;0,00109706;0,318737796
0;País;Reino de EspaÁ±a;Reino;EspaÁ±a;IGN;4;UN-GGIM/IGN;0;JGONZALEZ@;22/03/2019;GEODBA;21/07/2019;1;53,67587037;69,79752085
0;País;Melilla (Ciudad Autónoma) (EspaÁ±a);;Melilla (Ciudad Autónoma) (EspaÁ±a);IGN;4;UN-GGIM/IGN;0;JGONZALEZ@;22/03/2019;GEODBA;21/07/2019;1;0,001793131;0,175267171
0;País;Ceuta (Ciudad Autónoma) (EspaÁ±a);;Ceuta (Ciudad Autónoma) (EspaÁ±a);IGN;4;UN-GGIM/IGN;0;JGONZALEZ@;22/03/2019;GEODBA;21/07/2019;1;0,004265242;0,313184029
0;País;República Portuguesa;República;Portugal;IGN;4;UN-GGIM/IGN;0;JGONZALEZ@;22/03/2019;GEODBA;21/07/2019;1;9,238617149;23,64546329
0;País;República Argentina;República;Argentina;IGN;4;-2;0;JGONZALEZ@;22/03/2019;GEODBA;21/07/2019;1;841,674869;934,5205175
0;País;Madeira (Región Autónoma de Portugal);-2;Madeira (Región Autónoma de Portugal);;4;UN-GGIM/IGN;0;JGONZALEZ@;22/03/2019;GEODBA;21/07/2019;1;0,078073152;1,974035712
0;País;Azores (Portugal);-2;Azores (Portugal);;4;;0;JGONZALEZ@;22/03/2019;GEODBA;21/07/2019;1;0,268834261;7,215653437
